{"timestamp":1748777504768,"random":0.8663436102949997,"counter":273,"data":[0.38959475079845096,0.5653875405248872,0.6111001295215659]}
