{"timestamp":1748777145385,"random":0.8834744828281538,"counter":114,"data":[0.3300726024034102,0.03831562067496819,0.7162970206404475,0.37637422922557895,0.15208780109674125]}
