{"timestamp":1748777169606,"random":0.5920895951494822,"counter":512,"data":[0.6923786960789933,0.08156227308961772]}
