{"timestamp":1748777052671,"random":0.449632676631472,"counter":503,"data":[0.33948536818547104,0.8915298917315921,0.07794804924913623]}
