{"timestamp":1748778958571,"random":0.9664303968725572,"counter":557,"data":[0.13782693054325024,0.15403732576786155,0.8683402363346102,0.5242167110956939]}
