{"timestamp":1748778423904,"random":0.18146367511083872,"counter":693,"data":[0.2401490300029656,0.3193130433751359,0.08395307963987797,0.026910693443269462]}
