{"timestamp":1748778696611,"random":0.898555264498285,"counter":802,"data":[0.9156468210203383]}
