{"timestamp":1748778193560,"random":0.6279994916922049,"counter":653,"data":[0.5846849648879582,0.975062925166867,0.9939895357356343,0.647672132658875]}
