{"timestamp":1748777916011,"random":0.7460845154380402,"counter":211,"data":[0.28751390088355966]}
