{"timestamp":1748777422292,"random":0.03688670692216989,"counter":616,"data":[0.7230154699489595,0.1591582586723097,0.06870264607754262]}
