{"timestamp":1748777375157,"random":0.8993072368549468,"counter":204,"data":[0.311070505498241,0.4970879315347019,0.8920142449067421,0.3639492719405981,0.41564617449939445]}
