{"timestamp":1748777523976,"random":0.5036344143999654,"counter":565,"data":[0.930447296938413,0.3936006238752858,0.41246724801387513,0.3584734962333167,0.49045220756261876]}
