{"timestamp":1748778080582,"random":0.03978111368022663,"counter":457,"data":[0.46855134074217086,0.15208087378309854,0.13866310677891214]}
