{"timestamp":1748778993569,"random":0.4987482248461075,"counter":537,"data":[0.21110317258535316,0.474907422024456,0.694934968876709]}
