{"timestamp":1748778137332,"random":0.09399057289625401,"counter":846,"data":[0.4872191437907192,0.9907113673596832,0.9981979721569594,0.9039635534800439]}
