{"timestamp":1748778291254,"random":0.8480207767820553,"counter":170,"data":[0.9929319399633898]}
