{"timestamp":1748777421920,"random":0.41287581074731894,"counter":841,"data":[0.28707622064468596,0.9923882224217009,0.3169952511492944]}
