{"timestamp":1748777843297,"random":0.343998469574303,"counter":217,"data":[0.2619144078905238,0.42308427017597583]}
