{"timestamp":1748777948912,"random":0.740194165540154,"counter":968,"data":[0.25739556263777685,0.74872877518671,0.5343231514580498,0.9734650618935099,0.44905626915173746]}
