{"timestamp":1748777282519,"random":0.24901736597370738,"counter":511,"data":[0.9336824333336013,0.12363820679191662,0.3214798732368973]}
