{"timestamp":1748777371393,"random":0.22100258473295753,"counter":256,"data":[0.21479633302013035,0.28783919877609043]}
