{"timestamp":1748778200724,"random":0.846997368406706,"counter":842,"data":[0.41881164280181093]}
