{"timestamp":1748778717492,"random":0.1019828391615929,"counter":690,"data":[0.5590054610548143,0.7145104002819334,0.8996789304685207]}
