{"timestamp":1748778915664,"random":0.8150368888338537,"counter":193,"data":[0.5951051332743882]}
