{"timestamp":1748777694461,"random":0.4933404132837711,"counter":283,"data":[0.591529754168528,0.4658268716845022,0.45122928343632873,0.3313246146174147,0.05500628486064163]}
