{"timestamp":1748777296761,"random":0.4119004484983999,"counter":478,"data":[0.8469449528684392,0.26325941645386997,0.35775217419804206]}
