{"timestamp":1748778537837,"random":0.20915331402989823,"counter":892,"data":[0.6730501815399716,0.0683994098597609,0.839168836879266]}
