{"timestamp":1748778161478,"random":0.3852775176190153,"counter":619,"data":[0.38934599904849665]}
