{"timestamp":1748779012199,"random":0.04450716129322507,"counter":141,"data":[0.6419203862371972,0.30149901930294565,0.9114850760316562,0.7971606740811052,0.8867073989149346]}
