{"timestamp":1748778683273,"random":0.30096450923035056,"counter":95,"data":[0.9486769572506162,0.37730042868034075,0.4027895877802772,0.15542782855101733,0.0299464797091904]}
