{"timestamp":1748777391211,"random":0.5477362408274555,"counter":487,"data":[0.9894320668280858,0.10112555581046823]}
