{"timestamp":1748777599677,"random":0.875389328627965,"counter":570,"data":[0.1230018032617175,0.5666735070212046]}
