{"timestamp":1748777289287,"random":0.6677311171582612,"counter":986,"data":[0.6969995976078895]}
