{"timestamp":1748778648265,"random":0.4664441667527588,"counter":412,"data":[0.07504462234758136,0.8092210655866354,0.28386945496599725]}
