{"timestamp":1748778388980,"random":0.14404965999126418,"counter":521,"data":[0.015305142164208085,0.2832576164925338]}
