{"timestamp":1748778642899,"random":0.9764083339843861,"counter":456,"data":[0.46071075966835573,0.9118873380441725,0.6239459529660056,0.8782203896419725,0.8201683380745235]}
