{"timestamp":1748777819462,"random":0.5099857560866525,"counter":61,"data":[0.08731392158699736,0.697080611904499]}
