{"timestamp":1748777949284,"random":0.3112699239713106,"counter":981,"data":[0.8681006600146146]}
