{"timestamp":1748778665778,"random":0.8872000984372981,"counter":300,"data":[0.03098971487246005,0.3037509402244365,0.0583620392073636,0.14225380683372024,0.6361074441153831]}
