{"timestamp":1748778433401,"random":0.7755408189240987,"counter":317,"data":[0.8984875294425538]}
