{"timestamp":1748777862519,"random":0.6518505363056746,"counter":786,"data":[0.48330999242157047,0.21038161834013658,0.6176990048261883,0.6211999901510679]}
