{"timestamp":1748777942531,"random":0.3755907375195091,"counter":916,"data":[0.4680897547049021,0.7840692196278152,0.820169857984191,0.14671328512742288,0.3644209695984113]}
