{"timestamp":1748778733494,"random":0.2923617875409845,"counter":339,"data":[0.016616792632358823,0.35792145842834544,0.5796210521410103]}
