{"timestamp":1748777426809,"random":0.5843363627988885,"counter":648,"data":[0.5512038451319698,0.906084983720657,0.7428102292003897,0.8076629150295049,0.43205548750342593]}
