{"timestamp":1748778307604,"random":0.7909567290556356,"counter":535,"data":[0.6728867463618144]}
