{"timestamp":1748778533264,"random":0.339041042559862,"counter":640,"data":[0.6103659807394128,0.16678577463252786,0.4771117925723585,0.22138934221101114,0.7958871765011186]}
