{"timestamp":1748778872179,"random":0.2525576694416092,"counter":462,"data":[0.36702450537479336,0.673627902617185,0.25939282210373604]}
