{"timestamp":1748777370279,"random":0.7792879156493473,"counter":100,"data":[0.3155609111701281,0.050664528239252826,0.6754164625180707]}
