{"timestamp":1748777648821,"random":0.9284822815893858,"counter":30,"data":[0.8566515972554252,0.6971524678653125,0.4007004572220847,0.28301615855717976]}
