{"timestamp":1748778318538,"random":0.047341959227363395,"counter":318,"data":[0.23439045016594484,0.6275303865694684,0.4714047778568493,0.9704349191855446,0.7507039610899633]}
