{"timestamp":1748777527738,"random":0.7544956071822302,"counter":264,"data":[0.007105683338872293,0.11445314627763992,0.6454059750035235]}
